{
  "cli.py": 1776329030.5112977,
  "main.py": 1776333870.9930782,
  "setup.py": 1776329030.5112977,
  "test_backend.py": 1776332342.6525593,
  "test_workflow.py": 1776500156.71203,
  "api\\routes.py": 1776412732.1230881,
  "api\\websocket_handler.py": 1776458773.7162929,
  "api\\websocket_handler_v2.py": 1776415585.9567053,
  "api\\__init__.py": 1776329030.492029,
  "config\\settings.py": 1776329030.492029,
  "config\\__init__.py": 1776329030.492029,
  "core\\agents.py": 1776500216.6499474,
  "core\\context_manager.py": 1776415831.9974787,
  "core\\exporter.py": 1776329030.492029,
  "core\\formalize.py": 1776329030.492029,
  "core\\gpu_manager.py": 1776415585.9567053,
  "core\\session_manager.py": 1776415585.9567053,
  "core\\transcriber.py": 1776329030.492029,
  "core\\vad_transcriber.py": 1776415977.6293504,
  "core\\__init__.py": 1776415977.6293504,
  "models\\schemas.py": 1776330499.290157,
  "models\\__init__.py": 1776329030.492029,
  "services\\file_service.py": 1776329030.492029,
  "services\\reader_service.py": 1776329030.492029,
  "services\\stream_service.py": 1776329030.492029,
  "services\\__init__.py": 1776329030.492029,
  "tests\\latency_test.py": 1776415977.647279,
  "utils\\logger.py": 1776329030.492029,
  "utils\\__init__.py": 1776329030.492029,
  "Web_Frontend\\postcss.config.js": 1776366199.4533653,
  "Web_Frontend\\tailwind.config.ts": 1776366199.4533653,
  "Web_Frontend\\vite.config.ts": 1776370662.651871,
  "Web_Frontend\\src\\App.tsx": 1776367571.2885652,
  "Web_Frontend\\src\\main.tsx": 1776366199.4533653,
  "Web_Frontend\\src\\vite-env.d.ts": 1776367571.2915978,
  "Web_Frontend\\src\\components\\AnalysisResults.tsx": 1776414867.2667,
  "Web_Frontend\\src\\components\\ClarificationPanel.tsx": 1776412881.5407827,
  "Web_Frontend\\src\\components\\Header.tsx": 1776366199.4533653,
  "Web_Frontend\\src\\components\\index.ts": 1776458773.7162929,
  "Web_Frontend\\src\\components\\Loading.tsx": 1776366199.4533653,
  "Web_Frontend\\src\\components\\Notification.tsx": 1776367571.2876284,
  "Web_Frontend\\src\\components\\RequirementCard.tsx": 1776458773.7162929,
  "Web_Frontend\\src\\components\\RequirementFeed.tsx": 1776458773.7162929,
  "Web_Frontend\\src\\components\\RequirementInput.tsx": 1776414867.2667,
  "Web_Frontend\\src\\components\\RequirementViewer.tsx": 1776456208.1023536,
  "Web_Frontend\\src\\components\\SmellMeter.tsx": 1776456208.098353,
  "Web_Frontend\\src\\components\\VoiceRecorder.tsx": 1776414147.011235,
  "Web_Frontend\\src\\components\\WaveformVisualizer.tsx": 1776456208.098353,
  "Web_Frontend\\src\\pages\\Dashboard.tsx": 1776458059.8866265,
  "Web_Frontend\\src\\services\\api.ts": 1776367571.2889016,
  "Web_Frontend\\src\\services\\audioStreaming.ts": 1776458059.8866265,
  "Web_Frontend\\src\\store\\requirementStore.ts": 1776458773.7162929,
  "Web_Frontend\\src\\types\\index.ts": 1776456208.1013532,
  "Web_Frontend\\src\\utils\\helpers.ts": 1776366199.4533653,
  "ARCHITECTURE.md": 1776329030.492029,
  "ARCHITECTURE_FIX.md": 1776415585.9500399,
  "CODE_AUDIT.md": 1776332342.6415596,
  "GETTING_STARTED.md": 1776329030.492029,
  "IMPLEMENTATION_COMPLETE.md": 1776455267.76508,
  "PROJECT_SUMMARY.md": 1776329030.492029,
  "QUICK_START_NO_DOCKER.md": 1776332342.6415596,
  "README.md": 1776329030.492029,
  "REBUILD_SUMMARY.md": 1776415585.9567053,
  "requirements.txt": 1776329030.492029,
  "TESTING_GUIDE.md": 1776332342.6415596,
  "TESTING_QUICK_START.md": 1776332342.6415596,
  "Web_Frontend\\index.html": 1776366199.4533653,
  "Web_Frontend\\QUICK_START.md": 1776366199.4533653,
  "Web_Frontend\\README.md": 1776366199.4533653
}